brand,img_url,price
omega,https://cdn2.chrono24.com/images/uhren/images_49/s5/13711549_s210_v1581571666667.jpg,1299
omega,https://cdn2.chrono24.com/images/uhren/images_13/s5/13625513_s210_v1579192457496.jpg,1106
omega,https://cdn2.chrono24.com/images/uhren/images_83/s4/13625483_s210_v1579192069098.jpg,978
omega,https://cdn2.chrono24.com/images/uhren/images_49/s4/14209449_s210_v1581400204257.jpg,765
omega,https://cdn2.chrono24.com/images/uhren/images_59/s8/10311859_s210_v1580076345044.jpg,1326
omega,https://cdn2.chrono24.com/images/uhren/images_13/s5/13825513_s210_v1579874304845.jpg,1722
omega,https://cdn2.chrono24.com/images/uhren/images_27/s9/11650927_s210_v1562854870119.jpg,3370
omega,https://cdn2.chrono24.com/images/uhren/images_32/s5/13210532_s210_v1576184414415.jpg,3350
omega,https://cdn2.chrono24.com/images/uhren/images_41/s1/9693141_s210.jpg?v=1543335084067,7569
omega,https://cdn2.chrono24.com/images/uhren/images_90/s2/13040290_s210_v1574700727464.jpg,5995
omega,https://cdn2.chrono24.com/images/uhren/14200351-yzmrxpv6ige0xx2ujf6n3ai4-Square210.jpg,1390
omega,https://cdn2.chrono24.com/images/uhren/14200162-gskvllz798bvldzytxjdlzk2-Square210.jpg,1390
omega,https://cdn2.chrono24.com/images/uhren/14200472-w9eb6nsgcjp1489sn98e5mwz-Square210.jpg,1008
omega,https://cdn2.chrono24.com/images/uhren/14200948-hadsdvy4fpbvrk04ub170djc-Square210.jpg,1305
omega,https://cdn2.chrono24.com/images/uhren/images_32/s5/13951532_s210_v1580370403965.jpg,1305
omega,https://cdn2.chrono24.com/images/uhren/14151670-bn2rfj6fucfszeg540k1j8ew-Square210.jpg,1259
omega,https://cdn2.chrono24.com/images/uhren/images_08/s1/9351108_s210.jpg?v=1540808204276,961
omega,https://cdn2.chrono24.com/images/uhren/images_10/s4/9800410_s210.jpg?v=1551863857885,1624
omega,https://cdn2.chrono24.com/images/uhren/images_05/s0/9800005_s210.jpg?v=1551863644150,1267
omega,https://cdn2.chrono24.com/images/uhren/images_73/s8/9350873_s210.jpg?v=1540808305859,982
omega,https://cdn2.chrono24.com/images/uhren/images_00/s5/9323500_s210.jpg?v=1540808469171,1178
omega,https://cdn2.chrono24.com/images/uhren/images_78/s4/9323478_s210.jpg?v=1540808784863,1722
omega,https://cdn2.chrono24.com/images/uhren/images_64/s3/13620364_s210_v1579182763339.jpg,4300
omega,https://cdn2.chrono24.com/images/uhren/images_89/s6/14139689_s210_v1581013479870.jpg,2950
omega,https://cdn2.chrono24.com/images/uhren/images_39/s0/13467039c_s210_v1578553424060.jpg,799
omega,https://cdn2.chrono24.com/images/uhren/images_62/s0/10778062_s210_v1553253352387.jpg,4850
omega,https://cdn2.chrono24.com/images/uhren/images_79/s6/14091679_s210_v1580838738314.jpg,799
omega,https://cdn2.chrono24.com/images/uhren/images_24/s7/13094724_s210_v1575208052675.jpg,14500
omega,https://cdn2.chrono24.com/images/uhren/images_27/s7/12346727_s210_v1568033560113.jpg,5868
omega,https://cdn2.chrono24.com/images/uhren/images_17/s7/9345717_s210.jpg?v=1539439573136,1450
omega,https://cdn2.chrono24.com/images/uhren/images_69/s0/13742069_s210_v1579611749075.jpg,2250
omega,https://cdn2.chrono24.com/images/uhren/images_00/s5/12948500_s210_v1573826501725.jpg,1950
omega,https://cdn2.chrono24.com/images/uhren/images_89/s8/13314889_s210_v1577033695192.jpg,2650
omega,https://cdn2.chrono24.com/images/uhren/images_41/s4/13466441_s210_v1578548135361.jpg,1449
omega,https://cdn2.chrono24.com/images/uhren/images_74/s5/7305574_s210_v1564653471357.jpg,950
omega,https://cdn2.chrono24.com/images/uhren/images_35/s6/13787635_s210_v1579777406917.jpg,899
omega,https://cdn2.chrono24.com/images/uhren/images_70/s0/12057070_s210_v1565787682455.jpg,3995
omega,https://cdn2.chrono24.com/images/uhren/images_29/s7/7626729_s210.jpg?v=1,7600
omega,https://cdn2.chrono24.com/images/uhren/images_64/s2/13188264_s210_v1575994312605.jpg,7250
omega,https://cdn2.chrono24.com/images/uhren/images_85/s2/13038285_s210_v1574687568951.jpg,6650
omega,https://cdn2.chrono24.com/images/uhren/images_46/s4/12722446_s210_v1571837583984.jpg,6676
omega,https://cdn2.chrono24.com/images/uhren/images_63/s0/14034063_s210_v1580580995189.jpg,4650
omega,https://cdn2.chrono24.com/images/uhren/images_88/s8/13466888_s210_v1578551921699.jpg,1249
omega,https://cdn2.chrono24.com/images/uhren/images_14/s5/12382514_s210_v1568631001845.jpg,4650
omega,https://cdn2.chrono24.com/images/uhren/images_77/s2/13736277_s210_v1579596545154.jpg,899
omega,https://cdn2.chrono24.com/images/uhren/14205093-m6gl573zm17ndokr0n53t9l8-Square210.jpg,2495
omega,https://cdn2.chrono24.com/images/uhren/images_87/s4/12474487_s210_v1569320816812.jpg,3550
omega,https://cdn2.chrono24.com/images/uhren/images_26/s6/6410626_s210.jpg?v=1521327713290,5500
omega,https://cdn2.chrono24.com/images/uhren/images_01/s9/13038901_s210_v1574692906233.jpg,3650
omega,https://cdn2.chrono24.com/images/uhren/images_38/s7/9691738_s210.jpg?v=1543325565461,2450
omega,https://cdn2.chrono24.com/images/uhren/images_13/s7/13103713_s210_v1575308658476.jpg,2900
omega,https://cdn2.chrono24.com/images/uhren/images_34/s3/13481334_s210_v1578590413801.jpg,1499
omega,https://cdn2.chrono24.com/images/uhren/images_09/s4/9238409_s210_v1566318397326.jpg,3650
omega,https://cdn2.chrono24.com/images/uhren/images_58/s9/14090958_s210_v1580836665122.jpg,1999
omega,https://cdn2.chrono24.com/images/uhren/images_97/s8/12899897_s210_v1573392219335.jpg,4750
omega,https://cdn2.chrono24.com/images/uhren/images_01/s6/7752601_s210.jpg?v=2,3300
omega,https://cdn2.chrono24.com/images/uhren/images_20/s7/14116720_s210_v1580928329566.jpg,11055
omega,https://cdn2.chrono24.com/images/uhren/images_72/s4/11553472_s210_v1563027471555.jpg,13995
omega,https://cdn2.chrono24.com/images/uhren/images_38/s2/13571238_s210_v1579016768424.jpg,3850
omega,https://cdn2.chrono24.com/images/uhren/images_04/s9/9265904_s210.jpg?v=1538581021234,1450
omega,https://cdn2.chrono24.com/images/uhren/images_05/s9/13480905_s210_v1578589472120.jpg,999
omega,https://cdn2.chrono24.com/images/uhren/images_10/s8/11586810_s210_v1562066620983.jpg,9300
omega,https://cdn2.chrono24.com/images/uhren/images_43/s0/14060043_s210_v1580733247898.jpg,799
omega,https://cdn2.chrono24.com/images/uhren/images_20/s6/12938620_s210_v1573737918140.jpg,8750
omega,https://cdn2.chrono24.com/images/uhren/images_04/s3/13551304_s210_v1578937944645.jpg,3800
omega,https://cdn2.chrono24.com/images/uhren/images_95/s7/13227795_s210_v1579198936293.jpg,4395
omega,https://cdn2.chrono24.com/images/uhren/images_56/s2/13979256_s210_v1580384766653.jpg,3495
omega,https://cdn2.chrono24.com/images/uhren/images_86/s0/12884086_s210_v1573225550588.jpg,3950
omega,https://cdn2.chrono24.com/images/uhren/images_56/s4/6913456_s210.jpg?v=1,6950
omega,https://cdn2.chrono24.com/images/uhren/images_29/s9/13466929_s210_v1578552596624.jpg,1095
omega,https://cdn2.chrono24.com/images/uhren/images_07/s3/6927307_s210_v1577225088873.jpg,6950
omega,https://cdn2.chrono24.com/images/uhren/images_03/s6/14135603_s210_v1581004934571.jpg,699
omega,https://cdn2.chrono24.com/images/uhren/images_98/s4/14160498_s210_v1581091658235.jpg,2874
omega,https://cdn2.chrono24.com/images/uhren/images_59/s1/14167159_s210_v1581116936456.jpg,2049
omega,https://cdn2.chrono24.com/images/uhren/images_05/s6/12751605_s210_v1572094864555.jpg,3300
omega,https://cdn2.chrono24.com/images/uhren/images_84/s3/13361384_s210_v1577528932231.jpg,3800
omega,https://cdn2.chrono24.com/images/uhren/images_64/s5/12474564_s210_v1569321396035.jpg,4330
omega,https://cdn2.chrono24.com/images/uhren/images_05/s4/13466405_s210_v1578547712194.jpg,1499
omega,https://cdn2.chrono24.com/images/uhren/images_40/s7/14104740_s210_v1580904773523.jpg,6251
omega,https://cdn2.chrono24.com/images/uhren/images_21/s1/14155121_s210_v1581080423577.jpg,1250
omega,https://cdn2.chrono24.com/images/uhren/images_78/s3/12044378_s210_v1565702588202.jpg,5550
omega,https://cdn2.chrono24.com/images/uhren/images_27/s4/13417427_s210_v1578834002532.jpg,5700
omega,https://cdn2.chrono24.com/images/uhren/images_15/s1/12916115_s210_v1573570010448.jpg,4299
omega,https://cdn2.chrono24.com/images/uhren/images_81/s7/7464781_s210.jpg?v=1,2550
omega,https://cdn2.chrono24.com/images/uhren/images_42/s0/14079042_s210_v1580814477155.jpg,2211
omega,https://cdn2.chrono24.com/images/uhren/images_51/s2/7627251_s210.jpg?v=1,7450
omega,https://cdn2.chrono24.com/images/uhren/images_19/s0/9351019_s210.jpg?v=1540808184028,944
omega,https://cdn2.chrono24.com/images/uhren/images_77/s1/13466177_s210_v1578546266369.jpg,1549
omega,https://cdn2.chrono24.com/images/uhren/images_41/s2/9772241_s210.jpg?v=1544232699754,7500
omega,https://cdn2.chrono24.com/images/uhren/images_53/s1/13949153_s210_v1580291027012.jpg,799
omega,https://cdn2.chrono24.com/images/uhren/images_32/s9/10842932_s210_v1553854038342.jpg,3760
omega,https://cdn2.chrono24.com/images/uhren/images_10/s0/13275010_s210_v1576766702053.jpg,8779
omega,https://cdn2.chrono24.com/images/uhren/images_87/s4/13009487_s210_v1574374570004.jpg,2296
omega,https://cdn2.chrono24.com/images/uhren/images_58/s3/13211358_s210_v1576361168835.jpg,7595
omega,https://cdn2.chrono24.com/images/uhren/images_14/s0/12440014_s210_v1569244340391.jpg,2395
omega,https://cdn2.chrono24.com/images/uhren/images_17/s8/13945817_s210_v1580276550254.jpg,3317
omega,https://cdn2.chrono24.com/images/uhren/images_69/s0/13466069_s210_v1578545464314.jpg,2049
omega,https://cdn2.chrono24.com/images/uhren/images_06/s3/13024306_s210_v1574514330112.jpg,2100
omega,https://cdn2.chrono24.com/images/uhren/images_88/s7/13821788_s210_v1579868304916.jpg,1499
omega,https://cdn2.chrono24.com/images/uhren/images_76/s9/14208976_s210_v1581393159172.jpg,6378
omega,https://cdn2.chrono24.com/images/uhren/images_95/s3/8101395_s210.jpg?v=1523819845654,5774
omega,https://cdn2.chrono24.com/images/uhren/images_79/s3/8890379_s210.jpg?v=1533645821534,743
omega,https://cdn2.chrono24.com/images/uhren/images_60/s6/12456660_s210_v1569078574091.jpg,1595
omega,https://cdn2.chrono24.com/images/uhren/images_33/s2/7703233_s210.jpg?v=1549575132652,5555
omega,https://cdn2.chrono24.com/images/uhren/images_49/s1/13946149_s210_v1580279568517.jpg,2466
omega,https://cdn2.chrono24.com/images/uhren/images_29/s9/13466929_s210_v1578552596624.jpg,1095
omega,https://cdn2.chrono24.com/images/uhren/images_03/s5/12812503_s210_v1573084967495.jpg,1695
omega,https://cdn2.chrono24.com/images/uhren/images_58/s9/13786958_s210_v1579776075168.jpg,1999
omega,https://cdn2.chrono24.com/images/uhren/images_77/s9/14229977_s210_v1581564325875.jpg,5740
omega,https://cdn2.chrono24.com/images/uhren/images_89/s3/13395389_s210_v1577902904292.jpg,6718
omega,https://cdn2.chrono24.com/images/uhren/images_86/s0/12884086_s210_v1573225550588.jpg,3950
omega,https://cdn2.chrono24.com/images/uhren/images_54/s0/7627054_s210.jpg?v=1,6900
omega,https://cdn2.chrono24.com/images/uhren/images_68/s0/9685068_s210.jpg?v=1550160505707,3995
omega,https://cdn2.chrono24.com/images/uhren/images_17/s4/7471417_s210.jpg?v=1,1700
omega,https://cdn2.chrono24.com/images/uhren/images_91/s9/13466991_s210_v1578553044848.jpg,945
omega,https://cdn2.chrono24.com/images/uhren/images_58/s1/14072158_s210_v1580769385504.jpg,3595
omega,https://cdn2.chrono24.com/images/uhren/images_84/s7/13765784_s210_v1579697939024.jpg,1200
omega,https://cdn2.chrono24.com/images/uhren/images_04/s2/10097204_s210.jpg?v=1547729289144,7845
omega,https://cdn2.chrono24.com/images/uhren/images_63/s9/10583963_s210.jpg?v=1551777984684,4915
omega,https://cdn2.chrono24.com/images/uhren/images_02/s2/13014202_s210_v1574427529052.jpg,2950
omega,https://cdn2.chrono24.com/images/uhren/images_14/s3/10779314_s210_v1576317922616.jpg,1250
omega,https://cdn2.chrono24.com/images/uhren/images_51/s9/9255951_s210.jpg?v=1538344567251,8530
omega,https://cdn2.chrono24.com/images/uhren/images_13/s7/10852713_s210_v1554492910730.jpg,2250
omega,https://cdn2.chrono24.com/images/uhren/images_06/s9/13465906_s210_v1578544155533.jpg,2199
omega,https://cdn2.chrono24.com/images/uhren/images_71/s7/10444771_s210.jpg?v=1550845934959,3550
omega,https://cdn2.chrono24.com/images/uhren/images_01/s5/14136501_s210_v1581006689658.jpg,999
omega,https://cdn2.chrono24.com/images/uhren/images_98/s9/13945998_s210_v1580277993564.jpg,2126
omega,https://cdn2.chrono24.com/images/uhren/images_81/s6/4993681_s210.jpg?v=1,3885
omega,https://cdn2.chrono24.com/images/uhren/images_09/s1/13101109_s210_v1575288768618.jpg,8000
omega,https://cdn2.chrono24.com/images/uhren/images_04/s0/13146004_s210_v1575652356074.jpg,2450
omega,https://cdn2.chrono24.com/images/uhren/images_07/s3/6927307_s210_v1577225088873.jpg,6950
omega,https://cdn2.chrono24.com/images/uhren/images_37/s4/7471437_s210.jpg?v=1,795
omega,https://cdn2.chrono24.com/images/uhren/images_51/s3/13466351_s210_v1578547401941.jpg,1499
omega,https://cdn2.chrono24.com/images/uhren/images_65/s7/13639765_s210_v1579255930301.jpg,5604
omega,https://cdn2.chrono24.com/images/uhren/images_77/s9/13955977_s210_v1580305021216.jpg,1999
omega,https://cdn2.chrono24.com/images/uhren/images_35/s1/9883135_s210.jpg?v=1545389771808,4500
omega,https://cdn2.chrono24.com/images/uhren/images_16/s3/10409316_s210.jpg,1165
